{"scores": [3, 2, 2, 2, 2, 2, 2, 3, 2, 2, 2, 2, 2, 2, 2, 2, 3, 2, 2, 2, 3, 2, 2, 2, 2, 2, 2, 2, 2, 3, 2, 3, 2, 2, 2, 2, 2, 2, 2, 3, 2, 2, 2, 2, 2, 2, 2, 2, 2, 2, 3, 2, 2, 2, 2, 2, 2, 2, 2, 3, 2, 4, 2, 2, 2, 2, 2, 2, 2, 2, 2, 2, 3, 2, 2, 2, 2, 2, 3, 2, 4, 2, 2, 2, 2, 3, 3, 3, 2, 2, 2, 2, 3, 2, 4, 2, 2, 2, 2, 2, 2, 2, 4, 2, 2, 2, 2, 2, 2, 3, 3, 2, 5, 5, 2, 2, 2, 2, 2, 3, 2, 2, 2, 2, 3, 2, 3, 3, 3, 2, 3, 3, 4, 2, 2, 4, 3, 4, 2, 2, 3, 2, 2, 4, 2, 3, 2, 2, 2, 2, 3, 2, 3, 4, 2, 3, 5, 2, 4, 2, 4, 3, 5, 2, 3, 2, 2, 3, 3, 2, 4, 2, 2, 4, 2, 3, 6, 4, 4, 2, 2, 5, 4, 3, 4, 3, 5, 3, 2, 3, 3, 2, 4, 2, 2, 2, 4, 2, 2, 3, 2, 4, 2, 3, 2, 4, 2, 2, 2, 3, 2, 4, 2, 4, 2, 2, 3, 4, 5, 2, 8, 5, 3, 8, 4, 2, 5, 6, 6, 5, 6, 4, 3, 5, 2, 4, 3, 4, 7, 2, 2, 6, 5, 3, 5, 2, 8, 4, 6, 4, 5, 2, 9, 6, 5, 2, 4, 2, 3, 5, 6, 9, 6, 2, 2, 7, 2, 10, 2, 6, 3, 4, 3, 2, 5, 3, 4, 7, 5, 4, 4, 13, 4, 2, 4, 2, 7, 3, 2, 3, 3, 2, 3, 5], "avg_scores": [3.0, 2.5, 2.3333333333333335, 2.25, 2.2, 2.1666666666666665, 2.142857142857143, 2.25, 2.2222222222222223, 2.2, 2.1818181818181817, 2.1666666666666665, 2.1538461538461537, 2.142857142857143, 2.1333333333333333, 2.125, 2.176470588235294, 2.1666666666666665, 2.1578947368421053, 2.15, 2.1904761904761907, 2.1818181818181817, 2.1739130434782608, 2.1666666666666665, 2.16, 2.1538461538461537, 2.1481481481481484, 2.142857142857143, 2.1379310344827585, 2.1666666666666665, 2.161290322580645, 2.1875, 2.1818181818181817, 2.176470588235294, 2.1714285714285713, 2.1666666666666665, 2.1621621621621623, 2.1578947368421053, 2.1538461538461537, 2.175, 2.1707317073170733, 2.1666666666666665, 2.1627906976744184, 2.159090909090909, 2.1555555555555554, 2.152173913043478, 2.148936170212766, 2.1458333333333335, 2.142857142857143, 2.14, 2.156862745098039, 2.1538461538461537, 2.150943396226415, 2.1481481481481484, 2.1454545454545455, 2.142857142857143, 2.1403508771929824, 2.1379310344827585, 2.135593220338983, 2.15, 2.1475409836065573, 2.1774193548387095, 2.1746031746031744, 2.171875, 2.169230769230769, 2.1666666666666665, 2.1641791044776117, 2.161764705882353, 2.1594202898550723, 2.157142857142857, 2.1549295774647885, 2.1527777777777777, 2.164383561643836, 2.1621621621621623, 2.16, 2.1578947368421053, 2.155844155844156, 2.1538461538461537, 2.1645569620253164, 2.1625, 2.185185185185185, 2.182926829268293, 2.180722891566265, 2.1785714285714284, 2.176470588235294, 2.186046511627907, 2.1954022988505746, 2.2045454545454546, 2.202247191011236, 2.2, 2.197802197802198, 2.1956521739130435, 2.204301075268817, 2.202127659574468, 2.221052631578947, 2.21875, 2.216494845360825, 2.2142857142857144, 2.212121212121212, 2.21, 2.2, 2.2, 2.22, 2.22, 2.22, 2.22, 2.22, 2.21, 2.21, 2.22, 2.23, 2.23, 2.26, 2.29, 2.29, 2.29, 2.28, 2.28, 2.28, 2.29, 2.28, 2.28, 2.28, 2.28, 2.29, 2.29, 2.3, 2.31, 2.32, 2.31, 2.32, 2.32, 2.34, 2.34, 2.34, 2.36, 2.37, 2.39, 2.39, 2.38, 2.39, 2.39, 2.39, 2.41, 2.41, 2.42, 2.42, 2.42, 2.42, 2.42, 2.42, 2.42, 2.43, 2.45, 2.45, 2.46, 2.49, 2.49, 2.51, 2.5, 2.52, 2.51, 2.54, 2.54, 2.55, 2.55, 2.55, 2.56, 2.57, 2.57, 2.59, 2.59, 2.58, 2.6, 2.6, 2.61, 2.65, 2.67, 2.68, 2.68, 2.66, 2.69, 2.71, 2.72, 2.74, 2.74, 2.76, 2.76, 2.76, 2.77, 2.78, 2.78, 2.79, 2.79, 2.77, 2.77, 2.79, 2.79, 2.79, 2.8, 2.8, 2.82, 2.8, 2.81, 2.81, 2.83, 2.83, 2.83, 2.83, 2.83, 2.82, 2.84, 2.81, 2.8, 2.8, 2.8, 2.81, 2.83, 2.86, 2.85, 2.91, 2.94, 2.95, 3.01, 3.02, 3.02, 3.04, 3.07, 3.1, 3.13, 3.16, 3.17, 3.16, 3.19, 3.19, 3.19, 3.19, 3.19, 3.24, 3.24, 3.23, 3.27, 3.3, 3.29, 3.32, 3.31, 3.37, 3.39, 3.43, 3.45, 3.47, 3.47, 3.53, 3.55, 3.58, 3.57, 3.56, 3.56, 3.55, 3.58, 3.6, 3.66, 3.67, 3.67, 3.66, 3.71, 3.71, 3.78, 3.77, 3.81, 3.8, 3.82, 3.83, 3.81, 3.84, 3.84, 3.82, 3.85, 3.86, 3.88, 3.9, 3.98, 3.98, 3.97, 3.97, 3.96, 3.98, 3.98, 3.98, 3.98, 3.98, 3.98, 3.97, 4.0], "losses": [10.011057184989127, 14.435928259228685, 16.564553667859332, 16.81499926352734, 18.462015901293075, 21.070499387406212, 21.189151668282936, 21.927966041609142, 20.924860450043074, 23.35328096634633, 28.8818453065115, 27.355241403659853, 27.642238723820654, 35.10738468170166, 28.80003341408663, 31.619037156729014, 29.267148621397617, 28.62781375889725, 27.304997136991904, 28.9017897065097, 34.00063937377929, 33.47839810896893, 33.4938506754592, 33.47023250511189, 34.7933710649433, 34.13403220008217, 33.7810113353114, 35.04742150999901, 33.93416744857111, 35.343404799606944, 36.455722852684985, 36.84912506331745, 41.43513151804606, 36.355413200358285, 36.99831251166333, 40.247940670577506, 40.10457767442215, 37.46212629369787, 38.34348179842975, 36.908874965536185, 42.15254634116595, 40.16304175918167, 35.67364745779136, 39.602541279500045, 37.37956050304656, 42.30167734883997, 41.51723169900406, 37.402810217925854, 42.01805585503361, 41.813403363955224, 45.75500697181339, 43.31316387852697, 41.07944273179577, 41.229352376232406, 39.310687054162734, 39.29189180444788, 41.15344057964678, 42.78804418724704, 42.76204271101875, 42.993619167770945, 45.792601925986155, 39.57446780490241, 43.37617265417221, 44.619944567607746, 41.21338500190027, 37.5830563945155, 48.48904061176368, 40.743581437228016, 43.200675121023636, 43.644232564759484, 49.228341245441186, 42.89014358277534, 46.11643185169239, 53.33527454253166, 48.65262674115434, 53.93612585193785, 47.4024984980204, 46.32515673069138, 47.401730829633046, 47.76473017725451, 45.4916629072738, 51.57468972555021, 50.01760486349525, 48.112549333382916, 47.71949174174762, 49.35480996866142, 44.04297607175766, 50.23757152734526, 55.44485889137013, 48.14010041589895, 53.49346859224381, 53.402652153044144, 51.35889762855438, 49.34305141051906, 48.106885168671695, 48.328034673418315, 45.22719540198644, 50.77122793458913, 53.36513458380178, 53.46238425613998, 59.9239613087972, 54.4579858464643, 52.25865664646543, 52.96874493142347, 51.42585205126412, 59.397223252516525, 47.50211781191538, 56.27687366588695, 52.01228337660633, 48.33749729422636, 57.736834098748, 53.45762808346054, 54.865802825821774, 56.963442282948066, 53.73835990739905, 56.220601844787595, 54.6955361405357, 54.86790243687963, 44.17879165859397, 55.51018505199908, 57.68413841337581, 55.42794542071186, 55.695354448470276, 52.501416476426925, 50.82423837902476, 61.91335033896743, 71.84709206852344, 55.98713749280148, 57.29670756572002, 59.87319908490995, 50.68841906481011, 58.59572352681841, 58.97736980604089, 60.21547426653735, 57.626135799766246, 54.184071780070404, 54.56448262849833, 57.422808578936724, 55.25817052953936, 46.16189311532413, 55.05782167235417, 61.46881831319708, 57.53748952384801, 58.25905004293166, 45.52462032863072, 61.2291516934411, 58.318505459793954, 59.78825393799813, 57.349520676524925, 60.28228891143166, 59.684560323002366, 51.20561773126776, 65.21490257080288, 57.713567531393444, 77.01064073278549, 56.24021600324485, 72.31065755787462, 67.99208784860278, 60.58494783002277, 54.02262326701523, 60.925317739295124, 61.22688098967544, 66.32399935931323, 87.77901825538048, 65.65021202202999, 69.08066951867306, 59.95864589752689, 55.92380705333891, 63.65218938517774, 55.567145840326944, 74.99931118939374, 77.39814873933793, 59.600093662229355, 66.57946896401181, 78.1171439802143, 72.81000645758567, 57.683043298642495, 73.8715600008687, 61.98697873165733, 70.80428450056117, 72.77624397556276, 69.28667097136449, 61.262163891511804, 67.52844065085225, 74.46506168047587, 67.1645438840604, 64.75658110556245, 63.86003233746784, 70.5273263276513, 58.59076306758783, 75.39393604960188, 73.64104210232686, 73.60189266664436, 67.96104897902562, 68.30065056398341, 76.8657604261043, 72.27590290162621, 70.06858569819752, 77.52168850038872, 68.90509923106492, 65.7239709304551, 68.9286390404146, 72.06783779665955, 67.00490664544506, 75.73828847739729, 58.418185427970414, 82.78132407272918, 72.73425277074178, 67.91061209289121, 76.14645645753393, 79.47873003342572, 81.29180240631104, 77.4402914592198, 72.25506891268437, 68.4022426270602, 81.27667675429969, 69.57682182675316, 61.29983261378125, 71.02029942701208, 118.74133110046387, 