{"scores": [2, 2, 2, 2, 2, 2, 2, 2, 2, 2, 2, 2, 2, 3, 2, 2, 2, 3, 3, 2, 2, 2, 2, 2, 2, 2, 2, 2, 4, 2, 2, 2, 2, 2, 2, 2, 2, 3, 3, 2, 2, 2, 3, 2, 3, 2, 2, 2, 2, 2, 2, 2, 2, 2, 3, 2, 5, 3, 2, 2, 4, 2, 2, 4, 2, 3, 3, 6, 2, 5, 3, 2, 2, 4, 2, 2, 2, 6, 5, 2, 5, 2, 2, 4, 5, 2, 5, 4, 4, 4, 2, 5, 3, 2, 2, 6, 4, 6, 6, 8, 4, 3, 3, 10, 3, 4, 4, 4, 4, 3, 3, 8, 9, 2, 14, 9, 5, 8, 7, 6, 3, 7, 5, 21, 7, 2, 2, 8, 7, 9, 8, 2, 8, 6, 2, 18, 3, 12, 7, 7, 9, 4, 11, 7, 13, 7, 6, 7, 7, 5, 7, 5, 9, 5, 6, 5, 9, 11, 6, 13, 9, 5, 14, 10, 11, 14, 15, 10, 15, 15, 13, 19, 21, 25, 8, 15, 11, 6, 18, 12, 8, 16, 14, 3, 6, 16, 8, 16, 14, 16, 24, 11, 14, 14, 6, 20, 15, 15, 17, 5, 15, 7, 4, 16, 12, 14, 25, 17, 9, 12, 21, 15, 10, 28, 23, 4, 13, 19, 16, 20, 15, 10, 20, 8, 22, 25, 22, 19, 19, 20, 15, 26, 13, 11, 25, 6, 23, 20, 24, 17, 28, 11, 20, 9, 18, 10, 13, 8, 15, 4, 18, 30, 17, 19, 21, 10, 12, 27, 12, 9, 17, 18, 28, 7, 5, 20, 13, 18, 14, 25, 14, 17, 16, 13, 12, 2, 6, 19, 8, 28, 14, 4, 18, 10, 6, 15, 10, 13, 10, 8, 11, 13, 11, 14, 18, 19, 5, 11, 13, 10, 4, 11, 3, 6, 11, 17, 10, 17, 17, 9, 3, 6, 28, 20, 13, 22, 17, 16, 18, 16, 16, 21, 11, 18, 12, 17, 18, 17, 6, 25, 18, 28, 15, 17], "avg_scores": [2.0, 2.0, 2.0, 2.0, 2.0, 2.0, 2.0, 2.0, 2.0, 2.0, 2.0, 2.0, 2.0, 2.0714285714285716, 2.066666666666667, 2.0625, 2.0588235294117645, 2.111111111111111, 2.1578947368421053, 2.15, 2.142857142857143, 2.1363636363636362, 2.130434782608696, 2.125, 2.12, 2.1153846153846154, 2.111111111111111, 2.107142857142857, 2.1724137931034484, 2.1666666666666665, 2.161290322580645, 2.15625, 2.1515151515151514, 2.1470588235294117, 2.142857142857143, 2.138888888888889, 2.135135135135135, 2.1578947368421053, 2.1794871794871793, 2.175, 2.1707317073170733, 2.1666666666666665, 2.186046511627907, 2.1818181818181817, 2.2, 2.1956521739130435, 2.1914893617021276, 2.1875, 2.183673469387755, 2.18, 2.176470588235294, 2.173076923076923, 2.169811320754717, 2.1666666666666665, 2.1818181818181817, 2.1785714285714284, 2.2280701754385963, 2.2413793103448274, 2.23728813559322, 2.2333333333333334, 2.262295081967213, 2.2580645161290325, 2.253968253968254, 2.28125, 2.276923076923077, 2.287878787878788, 2.298507462686567, 2.3529411764705883, 2.347826086956522, 2.3857142857142857, 2.3943661971830985, 2.388888888888889, 2.3835616438356166, 2.4054054054054053, 2.4, 2.3947368421052633, 2.3896103896103895, 2.4358974358974357, 2.4683544303797467, 2.4625, 2.493827160493827, 2.4878048780487805, 2.4819277108433737, 2.5, 2.5294117647058822, 2.5232558139534884, 2.5517241379310347, 2.5681818181818183, 2.5842696629213484, 2.6, 2.5934065934065935, 2.619565217391304, 2.6236559139784945, 2.617021276595745, 2.610526315789474, 2.6458333333333335, 2.6597938144329896, 2.693877551020408, 2.727272727272727, 2.78, 2.8, 2.81, 2.82, 2.9, 2.91, 2.93, 2.95, 2.97, 2.99, 3.0, 3.01, 3.07, 3.14, 3.13, 3.25, 3.32, 3.35, 3.4, 3.44, 3.48, 3.49, 3.54, 3.57, 3.76, 3.81, 3.81, 3.81, 3.87, 3.9, 3.97, 4.03, 4.03, 4.09, 4.13, 4.13, 4.29, 4.3, 4.39, 4.43, 4.48, 4.55, 4.57, 4.65, 4.7, 4.8, 4.85, 4.89, 4.94, 4.99, 5.02, 5.07, 5.1, 5.17, 5.2, 5.23, 5.26, 5.3, 5.38, 5.42, 5.53, 5.58, 5.61, 5.73, 5.79, 5.88, 5.99, 6.11, 6.15, 6.28, 6.38, 6.48, 6.65, 6.84, 7.05, 7.11, 7.24, 7.33, 7.33, 7.46, 7.56, 7.59, 7.73, 7.85, 7.84, 7.85, 7.99, 8.02, 8.14, 8.24, 8.36, 8.58, 8.64, 8.75, 8.87, 8.91, 9.05, 9.16, 9.25, 9.36, 9.33, 9.44, 9.48, 9.49, 9.55, 9.64, 9.74, 9.95, 10.08, 10.13, 10.22, 10.4, 10.47, 10.48, 10.74, 10.83, 10.78, 10.86, 10.97, 11.06, 11.2, 11.32, 11.35, 11.5, 11.37, 11.52, 11.75, 11.95, 12.06, 12.18, 12.29, 12.36, 12.6, 12.65, 12.7, 12.93, 12.81, 13.01, 13.09, 13.26, 13.36, 13.55, 13.62, 13.71, 13.73, 13.78, 13.81, 13.88, 13.89, 13.97, 13.96, 14.07, 14.32, 14.4, 14.54, 14.69, 14.74, 14.77, 14.93, 14.99, 14.95, 15.03, 15.16, 15.3, 15.27, 15.21, 15.27, 15.25, 15.33, 15.32, 15.42, 15.43, 15.41, 15.36, 15.24, 15.28, 15.15, 15.1, 15.23, 15.13, 15.29, 15.35, 15.23, 15.27, 15.34, 15.34, 15.33, 15.35, 15.32, 15.28, 15.2, 15.07, 15.09, 15.06, 15.06, 15.18, 15.17, 15.07, 15.03, 14.99, 15.04, 14.93, 14.97, 14.96, 14.86, 14.85, 14.88, 14.73, 14.73, 14.81, 14.78, 14.6, 14.51, 14.69, 14.61, 14.51, 14.69, 14.73, 14.7, 14.72, 14.68, 14.69, 14.8, 14.71, 14.81, 14.71, 14.63, 14.59, 14.57, 14.44, 14.49, 14.52, 14.54, 14.56, 14.62],